{
  "version": "1.1.0",
  "diagrams": [
    {
      "ordinal": 0,
      "scrollPosition": {
        "x": 490.47619047619048,
        "y": 166.66666666666666
      },
      "nodes": [
        {
          "location": {
            "x": 1420,
            "y": 281.11538461538464
          },
          "nodeIndex": "Customer_details",
          "nodeLineageTag": "ffd3f382-a3a0-4bf3-a08f-337b1743248c",
          "size": {
            "height": 128,
            "width": 234
          },
          "zIndex": 0
        },
        {
          "location": {
            "x": 1704,
            "y": 281.11538461538464
          },
          "nodeIndex": "Device_details",
          "nodeLineageTag": "9006cad4-a9f8-4f60-a779-7aa43d29db5d",
          "size": {
            "height": 128,
            "width": 234
          },
          "zIndex": 0
        },
        {
          "location": {
            "x": 1.9230769230769482,
            "y": 277.26923076923077
          },
          "nodeIndex": "Login_details",
          "nodeLineageTag": "071750f6-9c72-4e95-8036-328b2f1f6456",
          "size": {
            "height": 128,
            "width": 234
          },
          "zIndex": 0
        },
        {
          "location": {
            "x": 284,
            "y": 281.11538461538464
          },
          "nodeIndex": "Order_priority",
          "nodeLineageTag": "a4826878-e616-4e00-ad53-b0de841c68fb",
          "size": {
            "height": 128,
            "width": 234
          },
          "zIndex": 0
        },
        {
          "location": {
            "x": 568,
            "y": 281.11538461538464
          },
          "nodeIndex": "Payment_details",
          "nodeLineageTag": "7011367f-50e8-49c2-896e-422d88a8bff0",
          "size": {
            "height": 128,
            "width": 234
          },
          "zIndex": 0
        },
        {
          "location": {
            "x": 852,
            "y": 281.11538461538464
          },
          "nodeIndex": "Product_category",
          "nodeLineageTag": "a1261884-30b4-411e-86b7-93f07358883e",
          "size": {
            "height": 128,
            "width": 234
          },
          "zIndex": 0
        },
        {
          "location": {
            "x": 1136,
            "y": 281.11538461538464
          },
          "nodeIndex": "product_details",
          "nodeLineageTag": "aa39c85a-1f83-447c-a6ea-1db9875cb68f",
          "size": {
            "height": 128,
            "width": 234
          },
          "zIndex": 0
        },
        {
          "location": {
            "x": 847.61538461538487,
            "y": 604.73076923076928
          },
          "nodeIndex": "E-commerce_Details",
          "size": {
            "height": 300,
            "width": 234
          },
          "zIndex": 0
        },
        {
          "location": {
            "x": 1986.0769230769231,
            "y": 408.84615384615381
          },
          "nodeIndex": "Measure",
          "size": {
            "height": 200,
            "width": 234
          },
          "zIndex": 0
        },
        {
          "location": {
            "x": 2268.1538461538457,
            "y": 330.15384615384619
          },
          "nodeIndex": "Profit and Loss",
          "nodeLineageTag": "5f710d26-6b78-4dfa-b33d-61bb98e4790b",
          "size": {
            "height": 152,
            "width": 234
          },
          "zIndex": 0
        }
      ],
      "name": "All tables",
      "zoomValue": 63,
      "pinKeyFieldsToTop": false,
      "showExtraHeaderInfo": false,
      "hideKeyFieldsWhenCollapsed": false,
      "tablesLocked": false
    }
  ],
  "selectedDiagram": "All tables",
  "defaultDiagram": "All tables"
}